Top pages,Clicks,Impressions,CTR,Position
https://www.srebrnydom.pl/cennik,141,18547,0.76%,8.96
https://www.srebrnydom.pl/,135,7938,1.7%,13.94
http://www.srebrnydom.pl/,72,2394,3.01%,8.05
https://www.srebrnydom.pl/cennik/,21,4201,0.5%,9.62
https://www.srebrnydom.pl/montessori/,19,506,3.75%,7.36
https://www.srebrnydom.pl/galeria/,16,628,2.55%,7.37
https://www.srebrnydom.pl/oferta/,14,792,1.77%,9.64
https://www.srebrnydom.pl/kontakt/,8,545,1.47%,6.65
https://www.srebrnydom.pl/o-nas/,6,371,1.62%,9.07
https://www.srebrnydom.pl/polityka-prywatnosci/,3,128,2.34%,4.46
https://www.srebrnydom.pl/blog/dzien-z-montessori,2,12,16.67%,14.83
https://www.srebrnydom.pl/patron/,1,335,0.3%,10.11
https://www.srebrnydom.pl/blog/o-starosci-myslmy-dobrze/,0,108,0%,12.41
https://www.srebrnydom.pl/blog/o-otwartosci/,0,66,0%,10.08
https://www.srebrnydom.pl/blog/opowiesc-czesc-4/,0,9,0%,8.44
https://www.srebrnydom.pl/blog/opowiesc-czesc-3/,0,1,0%,9
https://www.srebrnydom.pl/blog/dzien-z-montessori/,0,1,0%,10
https://www.srebrnydom.pl/blog/opowiesc-czesc-2,0,1,0%,17