Top queries,Clicks,Impressions,CTR,Position
srebrny dom swornegacie,39,103,37.86%,1.67
prywatne domy opieki - cennik,12,2337,0.51%,9.56
srebrny dom,9,33,27.27%,2.03
dom seniora pomorskie,6,661,0.91%,10.03
luksusowy dom seniora pomorskie,6,361,1.66%,6.52
dom spokojnej starości cena,4,738,0.54%,9.9
dom opieki brzeg dolny cennik,4,66,6.06%,4.47
dom seniora cennik,3,419,0.72%,9.15
dom seniora,3,151,1.99%,23
dom opieki alwernia cennik,3,56,5.36%,4.09
ile kosztuje dom opieki,2,708,0.28%,7.42
dom starców cena,2,381,0.52%,8.7
domy seniora pomorskie,2,315,0.63%,13.84
dom opieki ile kosztuje,2,119,1.68%,6.83
dom starców cena za miesiąc,2,106,1.89%,6.74
dom spokojnej starości,2,81,2.47%,9.49
domy spokojnej starosci cennik,2,49,4.08%,8.31
dom seniora swornegacie,2,5,40%,1
ile kosztuje dom opieki dla seniora,1,808,0.12%,8.95
ile kosztuje dom starców,1,686,0.15%,7.36
dom opieki pomorskie,1,515,0.19%,13.02
prywatne domy opieki cennik,1,398,0.25%,9.46
dom spokojnej starości ceny,1,398,0.25%,9.9
domy opieki pomorskie,1,302,0.33%,14.33
prywatny dom seniora pomorskie,1,242,0.41%,11.82
dom opieki cena,1,241,0.41%,10.41
domy seniora ceny,1,163,0.61%,11.58
dom opieki kaszuby,1,153,0.65%,12.05
dom seniora kaszuby,1,146,0.68%,12.22
dom opieki społecznej cennik,1,140,0.71%,8.02
domy opieki podlaskie cennik,1,119,0.84%,9.5
ekskluzywny dom seniora,1,91,1.1%,17.33
dom starców ile kosztuje,1,88,1.14%,7.02
dom opieki cennik,1,84,1.19%,12.24
luksusowy dom seniora cennik,1,80,1.25%,15.41
cena pobytu w domu seniora,1,63,1.59%,7.22
dom seniora cena za miesiąc,1,61,1.64%,7.66
srebrna magnolia cennik,1,59,1.69%,10.19
koszt domu opieki dla seniora,1,58,1.72%,7.21
montessori dla seniorów,1,49,2.04%,8.02
siewierz dom opieki cennik,1,37,2.7%,1.65
dom starcow cena,1,36,2.78%,8.69
dom opieki stawiguda cennik,1,28,3.57%,1
dom seniora erania cena,1,18,5.56%,12.44
dom opieki śląskie cennik,1,17,5.88%,10
dom seniora do 4000 zł,1,15,6.67%,9.87
dom starców,1,14,7.14%,2.71
koszty pobytu w domu seniora,1,12,8.33%,7.42
ile kosztuje miesiac w domu starcow,1,9,11.11%,7.22
dom opieki do 4000 zł,1,7,14.29%,22.71
tani dom opieki pomorskie,1,6,16.67%,9.67
koszt domu spokojnej starości,1,1,100%,1
prywatny dom opieki,1,1,100%,2
domy opieki kujawsko-pomorskie,1,1,100%,31
ile kosztuje pobyt w domu opieki,0,763,0%,6.73
dom spokojnej starości pomorskie,0,414,0%,11.89
ile kosztuje pobyt w domu seniora,0,358,0%,7.13
prywatny dom opieki pomorskie,0,337,0%,12.21
dom spokojnej starości kaszuby,0,221,0%,12.52
dom starców cennik,0,218,0%,7.89
domy opieki swornegacie,0,199,0%,10.34
dom starości cena,0,192,0%,8.6
ile kosztuje dom seniora,0,190,0%,7.51
domy spokojnej starości ceny,0,189,0%,11.34
ile kosztuje pobyt w domu starców,0,186,0%,7.13
luksusowy dom seniora,0,183,0%,20.43
domy opieki pomorskie cennik,0,169,0%,7.99
prywatne domy opieki pomorskie,0,158,0%,39.32
całodobowy dom seniora pomorskie,0,147,0%,9.31
dom seniora ceny,0,140,0%,12.59
dom opieki dla osób starszych ceny,0,130,0%,8.12
domy pogodnej starości pomorskie,0,130,0%,8.45
dom starców pomorskie,0,130,0%,10.89
dom starości pomorskie,0,127,0%,9.72
luksusowy dom seniora nad morzem,0,126,0%,17.75
ile kosztuje pobyt w domu spokojnej starości,0,123,0%,7.63
ile kosztuje prywatny dom opieki dla seniora,0,122,0%,9.32
ośrodek dla seniorów pomorskie,0,122,0%,9.82
ile kosztuje dom spokojnej starości,0,108,0%,7.72
dom opieki ceny,0,108,0%,8.94
ośrodek dla osób starszych pomorskie,0,104,0%,11.91
ile kosztuje dom starcow,0,101,0%,6.54
kosno,0,98,0%,9.23
luksusowe domy seniora,0,98,0%,18.33
domy opieki dla seniorów pomorskie,0,96,0%,12.53
dom spokojnej starosci ceny,0,93,0%,9.89
ile kosztuje pobyt w domu opieki dla seniorów,0,90,0%,4.5
prywatne domy seniora ceny,0,87,0%,8.83
domy starców cena,0,86,0%,8.09
dom dla seniora,0,78,0%,25.28
ile kosztuje pobyt seniora w domu opieki,0,77,0%,6.47
dom seniora cena,0,77,0%,9.62
pobyt w domu seniora cena,0,73,0%,7.77
dom opieki cena pobytu,0,73,0%,10.07
ceny pobytu w domu seniora,0,72,0%,5.88
prywatny dom starców cennik,0,72,0%,17.03
koszt pobytu w domu opieki,0,60,0%,1
ile kosztuje dom starców na miesiąc,0,59,0%,6.92
ile kosztuje opieka w domu seniora,0,58,0%,6.69
ile kosztuje osrodek dla osob starszych,0,58,0%,7.67
domy opieki cennik,0,58,0%,8.98
dom starców kamień pomorski,0,57,0%,34.68
domy opieki woryny,0,57,0%,38.23
jan znany malarz,0,56,0%,8.93
ile kosztuje dom starości,0,55,0%,8.55
dom starcow koszt,0,54,0%,4.69
opieka nad chorym w domu cennik,0,54,0%,7.87
domy starców ceny,0,54,0%,8.67
ile kosztuje opieka w domu starców,0,52,0%,6.08
dom seniora droginia cennik,0,52,0%,14.58
dom opieki seniora cena,0,51,0%,8.25
dom starców czernice borowe,0,51,0%,20.53
dom spokojnej starości kamień pomorski,0,50,0%,30.1
ceny w domach opieki dla seniorów,0,49,0%,7.98
luksusowy dom seniora trójmiasto,0,49,0%,17.47
prywatny dom seniora ceny,0,49,0%,24.45
dom opieki ile kosztuje pobyt,0,48,0%,9.94
opieka krótkoterminowa dla seniora,0,48,0%,22.25
dom opieki dla seniora cena,0,47,0%,7.87
prywatny dom opieki ceny,0,47,0%,34.43
domy opieki malechowo,0,47,0%,37.98
ile kosztuje pobyt w domu starców miesięcznie,0,46,0%,9.15
domy opieki ceny,0,46,0%,9.24
dom seniora wielkopolska cennik,0,46,0%,23.76
dom seniora brenna ceny,0,45,0%,27.2
dom seniora szczecin cennik,0,44,0%,39.09
dom starosci koszt,0,42,0%,7.31
dom dla osób starszych czernice borowe,0,40,0%,20.05
cena domu opieki,0,39,0%,9.31
cena pobytu w domu opieki,0,38,0%,2.32
dom opieki ceny pobytu,0,38,0%,10.5
luksusowy dom opieki,0,38,0%,27.89
dom dla seniora cena,0,37,0%,10.41
dom seniora ile kosztuje,0,36,0%,6.25
dom swornegacie,0,36,0%,6.86
koszt pobytu w prywatnym domu seniora,0,36,0%,41.28
prywatny dom opieki cena,0,36,0%,41.86
ile kosztuje dom opieki seniora,0,35,0%,8.74
ile kosztuje dom opieki dla starszej osoby,0,34,0%,7.29
koszt pobytu w domu seniora,0,34,0%,18.68
ceny w domach opieki,0,33,0%,6.06
ceny pobytu w domu opieki,0,32,0%,6.12
domy opieki wielkopolska cennik,0,31,0%,33.68
prywatny dom opieki cennik,0,31,0%,38.55
domy opieki kamień pomorski,0,30,0%,36.23
ekskluzywny dom opieki bydgoszcz,0,30,0%,36.37
dom seniora zachodniopomorskie ceny,0,30,0%,41.4
ile kosztuje dps prywatnie,0,29,0%,2.34
senior,0,29,0%,5.14
dom pomocy starszym osobom morąg,0,29,0%,37.03
dom starcow koszty,0,28,0%,1
dom opieki,0,28,0%,4.43
dom seniora koszt,0,28,0%,6.86
dom opieki dla osób starszych cena,0,28,0%,8.86
dom spokojnej starości koszt,0,28,0%,22.64
domy seniora w pomorskim,0,27,0%,15.59
dom opieki porąbka cennik,0,27,0%,21.11
dom opieki lubelskie cena,0,24,0%,43.83
ile kosztuje miejsce w domu seniora,0,23,0%,7
dom starców ceny,0,23,0%,8.04
dom spokojnej starości nad morzem,0,23,0%,50.26
dom opieki seniora cennik,0,22,0%,7.64
dom samotnej starości,0,22,0%,13.27
prywatny dom opieki dla dzieci niepełnosprawnych,0,22,0%,44.86
dom starców łobez,0,21,0%,36.76
dom opieki szczecin cena,0,21,0%,45.57
dom opieki toruń cennik,0,20,0%,45.9
dom seniora marcinowice cennik,0,19,0%,1.89
dom seniora czernice borowe,0,19,0%,9.58
znany malarz,0,19,0%,25.58
dylaki dom seniora cena,0,18,0%,1.5
ile kosztuje pobyt w domu starcow,0,18,0%,8.94
domy opieki śląskie cennik,0,18,0%,9.61
ile kosztuje pobyt w dziennym domu seniora,0,18,0%,9.72
ośrodek opieki dla osób starszych czernice borowe,0,18,0%,26.06
ćwiczenia montessori dla seniorów,0,17,0%,2.18
dom seniora kamień pomorski,0,17,0%,36.47
dom seniora kujawsko pomorskie,0,17,0%,51.06
dom spokojnej starości trójmiasto,0,17,0%,54.12
dom opieki cena za miesiac,0,16,0%,7.69
dom seniora chojnice,0,16,0%,11.94
dom dla niepełnosprawnych cena,0,16,0%,31.38
senior pobyt indywidualny,0,16,0%,36.56
kamień pomorski domy seniora,0,16,0%,36.94
metody montessori,0,16,0%,38.31
ile kosztuje dom seniora miesięcznie,0,15,0%,6.73
ile kosztuje pobyt osoby starszej w domu opieki,0,15,0%,6.93
ile kosztuje dom starosci,0,15,0%,8.33
ceny domow opieki dla seniorow,0,15,0%,9.4
malarz jan,0,15,0%,10.13
dom opieki zachodniopomorskie ceny,0,15,0%,43.8
dom spokojnej starości kujawsko-pomorskie,0,14,0%,39.64
jan malarz,0,13,0%,4.46
ceny domu opieki,0,13,0%,9.23
ile kosztuje miesięczny pobyt w domu starców,0,13,0%,9.69
dom opieki dla osób starszych,0,13,0%,15
dom opieki warszawa cena,0,13,0%,40.15
opieka seniora ceny,0,13,0%,53.54
dom opieki koszt,0,12,0%,1
dom starcow,0,12,0%,5.92
prywatny dom seniora cennik,0,12,0%,10.25
dom spokojnej starości cena pobytu,0,12,0%,10.42
dom opieki seniora,0,12,0%,12.92
ile kosztuje miejsce w domu opieki,0,11,0%,1
ile kosztuje prywatny dom opieki,0,11,0%,15.82
dom opieki kujawsko pomorskie ceny,0,11,0%,30.82
prywatny dom seniora trójmiasto,0,11,0%,41.09
dom seniora koszty,0,10,0%,7.6
domy spokojnej starości pomorskie,0,10,0%,10.1
rodzinny dom seniora czernice borowe,0,10,0%,21.7
domy opieki dolnośląskie cennik,0,10,0%,36.7
pobyt krótkoterminowy dom opieki,0,10,0%,37.4
domy opieki kuźnia raciborska,0,10,0%,40.1
kamień pomorski dom opieki,0,10,0%,46.6
starość,0,10,0%,58.7
dom pogodnego seniora remi cennik,0,9,0%,1.33
retirement communities near me,0,9,0%,5.22
dom opieki do 2000 zł,0,9,0%,6.11
ile kosztuje dom spokojnej starości w polsce,0,9,0%,6.33
dom opieki bełchatów cennik,0,9,0%,7.56
dom spokojnej starości ile kosztuje,0,9,0%,8.56
ile kosztuje pobyt w domu opieki społecznej,0,9,0%,12.89
domy seniora kujawsko pomorskie,0,9,0%,28.33
ekskluzywny dom seniora gdańsk,0,9,0%,39.67
bezpieczny dom starości,0,9,0%,76.67
koszty pobytu w domu opieki,0,8,0%,1
dom pomocy społecznej zdjęcia,0,8,0%,1.62
dom starości ile kosztuje,0,8,0%,7.5
ile kosztuje dom starców miesięcznie,0,8,0%,8.25
ośrodek dla osób z demencją starczą nfz,0,8,0%,9.5
ceny domów opieki,0,8,0%,21
dom seniora erania,0,8,0%,44.5
domy opieki nad morzem,0,8,0%,45.12
prywatny dom opieki trójmiasto,0,8,0%,45.38
prywatne domy opieki kujawsko pomorskie,0,8,0%,56.38
dom opieki nad morzem,0,8,0%,57.12
koszt domu opieki,0,7,0%,1
koszt pobytu w domu opieki dla seniorów,0,7,0%,1
ile kosztuje dzienny pobyt w domu seniora,0,7,0%,5
retirement community reviews near me,0,7,0%,5.71
dom spokojnej starości cennik,0,7,0%,6
dom spokojnej starosci,0,7,0%,9
ile kosztuje dom spokojnej starosci,0,7,0%,9.29
dom,0,7,0%,11.71
luksusowy dom spokojnej starości,0,7,0%,16.43
dom opieki nad starszymi kujawsko-pomorskie,0,7,0%,25.43
luksusowy dom seniora gdańsk,0,7,0%,35.29
dom opieki kamień pomorski,0,7,0%,37.43
domy opieki marcinowice,0,7,0%,46.43
dom seniora koleczkowo,0,7,0%,46.57
który dom seniora w województwie pomorskim,0,7,0%,54.43
koszt opieki w domu seniora,0,6,0%,1
dom starości,0,6,0%,3
dom opieki dla seniora,0,6,0%,4
domy spokojnej starości,0,6,0%,5.33
seniora,0,6,0%,5.5
jałowcowa 8,0,6,0%,6.83
prywatne domy opieki wolne miejsca,0,6,0%,7.17
cena pobytu w domu spokojnej starości,0,6,0%,9.5
dom starców koszt,0,6,0%,10.33
dom seniora tanio,0,6,0%,11.67
dom opieki prywatny ceny,0,6,0%,19
który dom seniora w województwie pomorskim ma najlepszą lokalizację?,0,6,0%,25.17
prywatne domy opieki wrocław cennik,0,6,0%,30
dom opieki koszty,0,5,0%,1
koszt domu starców,0,5,0%,1
domy opieki dla seniorów,0,5,0%,5.2
dom opieki koszt pobytu,0,5,0%,7.2
ile kosztuje pobyt w domu seniora prywatnie,0,5,0%,7.6
dom pomocy,0,5,0%,8.4
cena za pobyt w domu opieki,0,5,0%,10.2
opieka seniora,0,5,0%,10.8
ile kosztuje miesięczny pobyt w domu opieki,0,5,0%,11
ekskluzywny dom opieki dla osób starszych,0,5,0%,21.6
montessori senior,0,5,0%,28
dom opieki murowaniec,0,5,0%,31.6
dom opieki bydgoszcz cennik,0,5,0%,36.4
prywatny dom opieki kraków cena,0,5,0%,41.2
dom opieki katowice cennik,0,5,0%,44.2
dom opieki zwierzyniec,0,5,0%,47.2
dom spokojnej starosci nad morzem,0,5,0%,56.4
dom dzienny seniora,0,4,0%,1
dom opieki zaborze cennik,0,4,0%,1.5
dom seniora alwernia cena,0,4,0%,1.5
beata tyszkiewicz,0,4,0%,3
dom seniora elbląg,0,4,0%,3.25
dps,0,4,0%,5
całodobowe domy opieki dla osób starszych,0,4,0%,6.5
dom opieki do 3000 zł,0,4,0%,6.5
ile kosztuje miesiąc w domu opieki,0,4,0%,7.25
dom seniora bochnia cennik,0,4,0%,10.25
prywatne domy opieki cennik 2024,0,4,0%,10.5
bon senioralny,0,4,0%,11
dom dla osób starszych,0,4,0%,11.75
dom seniora do 2500 zł,0,4,0%,19
dom opieki gdynia cennik,0,4,0%,20.75
ile kosztuje pobyt,0,4,0%,21.75
dom opieki wałbrzych ceny,0,4,0%,31.25
dom seniora kraków cennik,0,4,0%,31.75
dom opieki radom cennik,0,4,0%,34.5
domy opieki brańsk,0,4,0%,41.75
domy opieki rynia,0,4,0%,42
domy opieki kujawsko pomorskie,0,4,0%,44.5
dom opieki dla osób starszych brenna,0,4,0%,46.5
dom seniora blisko trójmiasta,0,4,0%,82.25
dom opieki całodobowej,0,3,0%,1
dom pomocy społecznej,0,3,0%,1
domy opieki dla osób z alzheimerem,0,3,0%,1
dom opieki społecznej,0,3,0%,2.33
ogrodzieniec dom opieki cennik,0,3,0%,2.33
dom starosci,0,3,0%,3.33
ośrodek dla seniorów,0,3,0%,3.67
domy dla osób starszych,0,3,0%,4
ośrodek opieki dla osób starszych,0,3,0%,4.33
ile kosztuje dom starosci w polsce,0,3,0%,4.67
ośrodek opiekuńczy dla osób starszych,0,3,0%,6.67
ile kosztuje pobyt w domu starości,0,3,0%,7.67
dom seniora sławięcice cennik,0,3,0%,8.67
dps prywatnie cena,0,3,0%,9
beata burda,0,3,0%,9.33
koszt domu seniora,0,3,0%,9.33
pobyt w domu opieki cena,0,3,0%,11.67
prywatny zol pomorskie,0,3,0%,12.67
ekskluzywny dom spokojnej starości,0,3,0%,13.67
dom seniora zbrosławice cennik,0,3,0%,14.67
dom opieki chojnice,0,3,0%,16
dom seniora brenna cennik,0,3,0%,18.33
dom seniora marconi cennik,0,3,0%,18.33
domy opieki pomorskie wolne miejsca,0,3,0%,18.33
dom opieki gdańsk cennik,0,3,0%,26
rożniaty dom opieki,0,3,0%,26
dom opieki bukowno cennik,0,3,0%,28
dom opieki dla osoby leżącej,0,3,0%,28.33
dom opieki konstancin cennik,0,3,0%,29
jagatowo dom seniora,0,3,0%,32
państwowe domy opieki pomorskie,0,3,0%,32
opieka nad osobami z alzheimerem pomorskie,0,3,0%,33.67
dom opieki małopolska cennik,0,3,0%,35.67
domy opieki stobno,0,3,0%,36
dps pomorskie,0,3,0%,37
domy opieki jagatowo,0,3,0%,38.67
dom seniora bryza,0,3,0%,42
dom opieki seniora czasowy,0,3,0%,43.67
państwowe domy opieki ceny,0,3,0%,47.67
dom opieki warszawa ceny,0,3,0%,57.33
domy seniora,0,3,0%,59.67
dom seniora akacja cennik,0,2,0%,1
dom seniora grudziądz cennik,0,2,0%,1
dom seniora pod jodłami cennik,0,2,0%,1
domek dla seniora,0,2,0%,1
ile kosztuje miejsce w domu starców,0,2,0%,1
domy opieki,0,2,0%,1.5
dom opieki cennik zgierz,0,2,0%,2
dom seniora marconi świdnica cennik,0,2,0%,2
domy dla seniorów,0,2,0%,2
ile lat ma beata tyszkiewicz,0,2,0%,2
jaki jest koszt pobytu w domu seniora,0,2,0%,2
prywatny dom pomocy społecznej,0,2,0%,2
dom dla ludzi starszych im. sługi bożej józefy hałacińskiej opinie,0,2,0%,2.5
dom pomocy społecznej dla osób starszych,0,2,0%,2.5
dps dla osób starszych,0,2,0%,2.5
klub seniora,0,2,0%,2.5
dom opieki nestor cennik,0,2,0%,3
dom opieki rotmanka,0,2,0%,3
dom opieki warszawa,0,2,0%,3
"dom pomocy społecznej ""senior""",0,2,0%,3
dom spokojnej starosci szczecin,0,2,0%,3
dom starców od ilu lat,0,2,0%,3
dom starości szczecin,0,2,0%,3
loretto dom opieki,0,2,0%,3
ossowice dom opieki,0,2,0%,3
ośrodek dla osób starszych,0,2,0%,3
dom seniora tiliam ii zdjęcia,0,2,0%,3.5
najlepsze domy seniora w polsce,0,2,0%,3.5
borki wielkie dps,0,2,0%,4
dom opieki zawadzkie,0,2,0%,4
domy opieki dla osob z demencja,0,2,0%,4
solankowe tarasy,0,2,0%,4
broniszewice,0,2,0%,4.5
ceny prywatnych domów opieki,0,2,0%,4.5
dom opieki zachodniopomorskie,0,2,0%,5
dom seniora laura cennik,0,2,0%,5
ile kosztuje dom opieki społecznej,0,2,0%,5
dom seniora pan cennik,0,2,0%,5.5
domy spokojnej starości w polsce,0,2,0%,6.5
ile kosztuje pobyt w dziennym domu opieki,0,2,0%,6.5
dom opieki senior,0,2,0%,7
ośrodek dla chorych na alzheimera,0,2,0%,7
dom pomocy społecznej cennik,0,2,0%,7.5
mieszkania dla seniorów,0,2,0%,7.5
ośrodek dla osób starszych z demencją,0,2,0%,7.5
dom starości ceny,0,2,0%,8
opalenica dom opieki cennik,0,2,0%,8
senior residence cennik,0,2,0%,8
dom opieki dla starszych,0,2,0%,8.5
dom seniora centrum,0,2,0%,9
domy seniora wolne miejsca,0,2,0%,9.5
dzienny dom seniora,0,2,0%,10
osrodek opiekunczy dla seniorow,0,2,0%,10.5
dom seniora luboń cennik,0,2,0%,12
dom opieki dolnośląskie cennik,0,2,0%,12.5
dom seniora droginia cena,0,2,0%,19
dom opieki morąg cennik,0,2,0%,19.5
dom dla starszych ludzi,0,2,0%,20
rokitno dom opieki cennik,0,2,0%,20
ile kosztuje pobyt w prywatnym domu opieki,0,2,0%,20.5
dom seniora kujawsko-pomorskie,0,2,0%,21
srebrna magnolia pensjonat dla seniorów,0,2,0%,24
pensjonat seniora,0,2,0%,26.5
dom opieki dla seniorów,0,2,0%,27
metody marii montessori,0,2,0%,28
dom opieki marcinowice,0,2,0%,31
rezydencja seniora cennik,0,2,0%,32.5
domy opieki opolskie cennik,0,2,0%,33
opieka domowa cena,0,2,0%,34
dom pomocy starszym osoba morąg,0,2,0%,34.5
dom opieki ruda śląska cennik,0,2,0%,35
prywatne domy opieki zachodniopomorskie ceny,0,2,0%,36
najlepsze domy opieki w polsce,0,2,0%,38
luksusowy dom na kaszubach,0,2,0%,38.5
patronka artystów malarzy,0,2,0%,38.5
dom spokojnej starości łobez,0,2,0%,40
dom opieki łódź cena,0,2,0%,40.5
koszt pobytu w prywatnym domu opieki,0,2,0%,43
prywatny dom seniora gdańsk,0,2,0%,44
opieka nad seniorem cennik,0,2,0%,46.5
pobyt indywidualny,0,2,0%,47
dom opieki dla niepełnosprawnych,0,2,0%,47.5
dom lekarski cennik,0,2,0%,48.5
cennik opieki nad seniorem,0,2,0%,49
dom seniora nad morzem,0,2,0%,49
dom seniora wrocław ceny,0,2,0%,49
pobyt dla seniora,0,2,0%,51
dom seniora blisko morza,0,2,0%,72.5
starość zdjęcia,0,2,0%,74
domy dla seniora,0,2,0%,78.5
bazylika narodzenia nmp w gietrzwałdzie zdjęcia,0,1,0%,1
cena pobytu,0,1,0%,1
dom aktywnego senior,0,1,0%,1
dom opieki cennik kujawsko-pomorskie,0,1,0%,1
dom opieki dla osób z demencją starczą,0,1,0%,1
dom opieki dolny śląsk cennik,0,1,0%,1
dom opieki jaki koszt,0,1,0%,1
dom opieki płock ceny,0,1,0%,1
dom pomocy społecznej fotos,0,1,0%,1
dom seniora koszty pobytu,0,1,0%,1
dom seniora kędzierzyn-koźle zdjęcia,0,1,0%,1
dom seniora milanówek cennik,0,1,0%,1
dom starca,0,1,0%,1
dom starców śląsk cena,0,1,0%,1
domy opieki śląskie ceny,0,1,0%,1
domy starcow w polsce ceny,0,1,0%,1
domy starosci w polsce,0,1,0%,1
jesień życia inaczej,0,1,0%,1
katolickie domy opieki,0,1,0%,1
kluby dla seniorów,0,1,0%,1
koszt pobytu w domu starców,0,1,0%,1
koszty domu opieki,0,1,0%,1
leśny dom seniora piastowo cennik,0,1,0%,1
miesięczny koszt pobytu w domu spokojnej starości,0,1,0%,1
najlepszy dom opieki w polsce,0,1,0%,1
numer do opieki,0,1,0%,1
osrodek dla starych ludzi,0,1,0%,1
ośrodki dla osób niepełnosprawnych umysłowo,0,1,0%,1
państwowy dom opieki,0,1,0%,1
prywatne usługi opiekuńcze cennik,0,1,0%,1
prywatny dzienny dom seniora,0,1,0%,1
płatna opieka nad rodzicami,0,1,0%,1
sprawdź opinie,0,1,0%,1
świetlica dla seniorów,0,1,0%,1
barczewo dps,0,1,0%,2
co to jest dom seniora,0,1,0%,2
dom muzyka seniora,0,1,0%,2
dom opieki dla osób starszych senior plus,0,1,0%,2
dom opieki harmonia wierzbica,0,1,0%,2
dom opieki józefina,0,1,0%,2
dom opieki konin cennik,0,1,0%,2
dom opieki legionowo ceny,0,1,0%,2
dom opieki pilaszków,0,1,0%,2
dom opieki ujazd,0,1,0%,2
dom opieki zaborze,0,1,0%,2
"dom pomocy społecznej ""dom kombatanta"" zdjęcia",0,1,0%,2
"dom pomocy społecznej ""senior"" opinie",0,1,0%,2
dom pomocy społecznej w jedlance opinie,0,1,0%,2
"dom seniora ""nad płonką"" opinie",0,1,0%,2
dom seniora forest opinie,0,1,0%,2
dom seniora nad strumykiem częstochowa zdjęcia,0,1,0%,2
dom senioralny,0,1,0%,2
domy opieki bytom ceny,0,1,0%,2
domy opieki prowadzone przez siostry zakonne,0,1,0%,2
dps kurozwęki cena,0,1,0%,2
dps mińska bydgoszcz,0,1,0%,2
jak dostac sie do dps,0,1,0%,2
koszt pobytu w domu opieki społecznej,0,1,0%,2
marconi świdnica cennik,0,1,0%,2
najlepszy dom opieki,0,1,0%,2
ośrodki dla seniorów,0,1,0%,2
pro senio,0,1,0%,2
prywatne domy spokojnej starości,0,1,0%,2
rezydencja dzielna cennik,0,1,0%,2
rezydencja seniora,0,1,0%,2
seniorów,0,1,0%,2
villa trojany cennik,0,1,0%,2
betamed opieka domowa,0,1,0%,3
borki wielkie dom opieki,0,1,0%,3
boromeuszki - cieszyn cennik,0,1,0%,3
całodobowa opieka nad seniorem w domu cena,0,1,0%,3
centrum opieki seniora - usługi opiekuńcze w domu,0,1,0%,3
centrum seniora rynarzewo,0,1,0%,3
dom medica,0,1,0%,3
dom opieki babice,0,1,0%,3
dom opieki baletowa,0,1,0%,3
dom opieki barczewo,0,1,0%,3
dom opieki bolesławiec,0,1,0%,3
dom opieki chrzanów kąty,0,1,0%,3
dom opieki dla osób starszych senior plus zdjęcia,0,1,0%,3
dom opieki dla seniorow,0,1,0%,3
dom opieki dla seniorów szubert med zdjęcia,0,1,0%,3
dom opieki emeryta złota jesień łajski opinie,0,1,0%,3
dom opieki gdańsk,0,1,0%,3
dom opieki gliwice,0,1,0%,3
dom opieki henryków lubański,0,1,0%,3
dom opieki jaroszowiec,0,1,0%,3
dom opieki jedlnia-letnisko,0,1,0%,3
dom opieki koluszki,0,1,0%,3
dom opieki krapkowice,0,1,0%,3
dom opieki krosno,0,1,0%,3
dom opieki lubuskie,0,1,0%,3
dom opieki lubuskie prywatny,0,1,0%,3
dom opieki nestoria,0,1,0%,3
dom opieki podkarpackie,0,1,0%,3
dom opieki przemyśl,0,1,0%,3
dom opieki ruda śląska orzegów,0,1,0%,3
dom opieki skoroszów,0,1,0%,3
dom opieki staniszcze wielkie,0,1,0%,3
dom opieki strzelce opolskie,0,1,0%,3
dom opieki słupsk,0,1,0%,3
dom opieki tarnobrzeg,0,1,0%,3
dom opieki tomaszów mazowiecki,0,1,0%,3
dom opieki tryszczyn,0,1,0%,3
dom opieki w korzennie opinie,0,1,0%,3
dom opieki świdnica,0,1,0%,3
dom pomocy społecznej senior,0,1,0%,3
dom seniora anders cennik,0,1,0%,3
dom seniora jelenia góra,0,1,0%,3
dom seniora marzenie opinie,0,1,0%,3
dom seniora pomocna dłoń opinie,0,1,0%,3
dom seniora poznań,0,1,0%,3
dom seniora rotmanka zdjęcia,0,1,0%,3
dom seniora złoty las ceny,0,1,0%,3
dom seniora świerki,0,1,0%,3
dom spokojnej starości dolnośląskie,0,1,0%,3
dom spokojnej starości lubelskie,0,1,0%,3
dom spokojnej starości śląskie,0,1,0%,3
dom starców białystok,0,1,0%,3
dom starców szczecin,0,1,0%,3
dom starców zabrze,0,1,0%,3
domy opieki kraków i okolice,0,1,0%,3
domy opieki małopolskie,0,1,0%,3
domy pomocy społecznej,0,1,0%,3
domy spokojnej starości dolnośląskie,0,1,0%,3
dps chełm,0,1,0%,3
dps jędrzejów,0,1,0%,3
dps kamionka,0,1,0%,3
dps kielce jagiellońska,0,1,0%,3
dps przeworsk,0,1,0%,3
dps zabełków,0,1,0%,3
dps zator cennik,0,1,0%,3
dzienny dom seniora leszno,0,1,0%,3
dzienny dom seniora płock,0,1,0%,3
dzienny dom seniora wągrowiec,0,1,0%,3
dzienny dom seniora żary,0,1,0%,3
elżbietanki cieszyn dom opieki cennik,0,1,0%,3
emerytura,0,1,0%,3
gorzyce,0,1,0%,3
grobla dom opieki,0,1,0%,3
henryków dom opieki,0,1,0%,3
holi care wojnicz,0,1,0%,3
jak obliczyć średni miesięczny koszt utrzymania w domu pomocy społecznej,0,1,0%,3
jak otworzyć dom seniora,0,1,0%,3
jak załatwić dom opieki,0,1,0%,3
jak załatwić miejsce w dps,0,1,0%,3
leśna ostoja raniżów cennik,0,1,0%,3
magdalenka duszniki zdrój,0,1,0%,3
małkowice dom opieki,0,1,0%,3
miasto nałęczów,0,1,0%,3
numer do opieki społecznej,0,1,0%,3
opieka dzienna dla seniora,0,1,0%,3
opieka nad seniorem łódź,0,1,0%,3
osrodek dla osob starszych,0,1,0%,3
osrodki dla osob starszych,0,1,0%,3
ośrodek dziennego pobytu dla osób starszych,0,1,0%,3
ośrodek rehabilitacyjny dla osób starszych,0,1,0%,3
ośrodki dla osób starszych,0,1,0%,3
ośrodki dla starszych osób,0,1,0%,3
ośrodki opieki dla osób starszych,0,1,0%,3
pflegedienst co to,0,1,0%,3
pogodna dolina - dom seniora opinie,0,1,0%,3
prywatne domy opieki cennik warszawa,0,1,0%,3
prywatny dom opieki wrocław,0,1,0%,3
rezydencja-milanowek opinie,0,1,0%,3
rodzinny dom opieki staś opinie,0,1,0%,3
rodzinny dom opieki w miodówku,0,1,0%,3
rose dom seniora,0,1,0%,3
różanka dom opieki,0,1,0%,3
senior-residence,0,1,0%,3
serenus gdańsk,0,1,0%,3
sobolewo dom opieki,0,1,0%,3
srodowiskowy dom samopomocy,0,1,0%,3
zol kraków,0,1,0%,3
złota jesień dom opieki,0,1,0%,3
aura wisła,0,1,0%,4
dom chłopaków broniszewice,0,1,0%,4
"dom opieki ""ostoja kaszubska""",0,1,0%,4
dom opieki banino,0,1,0%,4
dom opieki bukowiec,0,1,0%,4
dom opieki chmiel,0,1,0%,4
dom opieki dylaki,0,1,0%,4
dom opieki dębowy gaj,0,1,0%,4
dom opieki katarzynki,0,1,0%,4
dom opieki kościerzyna,0,1,0%,4
dom opieki leszno ul żniwna,0,1,0%,4
dom opieki mazowieckie różany dwór seniora,0,1,0%,4
dom opieki rogoźnik,0,1,0%,4
dom opieki sosnowiec,0,1,0%,4
dom opieki stalowa wola,0,1,0%,4
dom opieki stegna,0,1,0%,4
dom opieki szafirek czeladź,0,1,0%,4
dom opieki taras,0,1,0%,4
dom opieki tczew,0,1,0%,4
dom opieki tychy,0,1,0%,4
dom opieki w dobczynie,0,1,0%,4
dom opieki zaczernie,0,1,0%,4
dom opieki ząbki,0,1,0%,4
dom pomocy społecznej lipsko,0,1,0%,4
dom pomocy społecznej skrzynno,0,1,0%,4
dom pomocy społecznej wejherowo,0,1,0%,4
"dom seniora ""rose senior resort"" zdjęcia",0,1,0%,4
dom seniora feliza,0,1,0%,4
dom seniora katowice,0,1,0%,4
dom seniora kluczbork,0,1,0%,4
dom seniora leśne zacisze,0,1,0%,4
dom seniora pod kasztanami cennik,0,1,0%,4
dom seniora sikórz,0,1,0%,4
dom seniora wiejskie klimaty,0,1,0%,4
dom seniora zbeniny opinie,0,1,0%,4
dom seniora „jesień” na letniej w jaworznie zdjęcia,0,1,0%,4
dps ełk,0,1,0%,4
dps kombatant zielona góra,0,1,0%,4
dps leśny,0,1,0%,4
dps lubuskie wolne miejsca,0,1,0%,4
dps staniszcze wielkie,0,1,0%,4
dps świerkowa,0,1,0%,4
dzienny dom seniora olkusz,0,1,0%,4
dzienny dom seniora rybnik,0,1,0%,4
dąbie dps,0,1,0%,4
górski zakątek wilkowice,0,1,0%,4
honorata chorzów cennik,0,1,0%,4
kaśmin dom seniora sp. z o.o. opinie,0,1,0%,4
lawendowy dom opieki seniora,0,1,0%,4
lawendowy dom świdnica,0,1,0%,4
magnolia dom opieki,0,1,0%,4
opiekasilesia - centrum opieki seniora sp. z o.o. opinie,0,1,0%,4
prywatny dom opieki tomaszów mazowiecki,0,1,0%,4
retirement community,0,1,0%,4
rubens dom seniora,0,1,0%,4
stary dom ruda śląska,0,1,0%,4
szczurkowo dps,0,1,0%,4
zbrosławice dom opieki,0,1,0%,4
a ile to kosztuje?,0,1,0%,5
a trochę dalej,0,1,0%,5
arkadia dom opieki,0,1,0%,5
dom dla starców,0,1,0%,5
dom opieki czerwona góra,0,1,0%,5
dom opieki dla mężczyzn,0,1,0%,5
"dom opieki dla osób starszych ""dęby""",0,1,0%,5
dom opieki gorlice,0,1,0%,5
dom opieki gubin,0,1,0%,5
dom opieki kalety,0,1,0%,5
dom opieki kościoła chrześcijan baptystów,0,1,0%,5
dom opieki kośminy,0,1,0%,5
dom opieki kwidzyn,0,1,0%,5
dom opieki pod dębami łódź,0,1,0%,5
dom opieki trzebnica,0,1,0%,5
dom opieki wesoła,0,1,0%,5
dom opieki willa pod wieżą,0,1,0%,5
dom pomocy społecznej legnica,0,1,0%,5
dom pomocy społecznej psarskie,0,1,0%,5
dom seniora anna jemielnica cennik,0,1,0%,5
dom seniora stały ląd,0,1,0%,5
dom starcow w polsce,0,1,0%,5
domki dla seniorów,0,1,0%,5
domy pomocy społecznej kraków,0,1,0%,5
dps borki wielkie,0,1,0%,5
dps branice,0,1,0%,5
dps montessori,0,1,0%,5
dps opole lubelskie,0,1,0%,5
dps szczecinek,0,1,0%,5
dps wejherowo siostry,0,1,0%,5
elderly care home,0,1,0%,5
medi senior zgierz,0,1,0%,5
mehoffera dom opieki,0,1,0%,5
opieka nad seniorem w domu,0,1,0%,5
paulinka dom seniora,0,1,0%,5
prywatny dom seniora,0,1,0%,5
prywatny dom spokojnej starości,0,1,0%,5
rehabilitacyjno - opiekuńczy dom opieki przystań,0,1,0%,5
seniorom,0,1,0%,5
sokółka sanktuarium dom pielgrzyma,0,1,0%,5
wczasy dla seniora dolny śląsk,0,1,0%,5
zakład opieki dla osób starszych,0,1,0%,5
"dom opieki ""leśny dworek""",0,1,0%,6
dom opieki koleczkowo opinie,0,1,0%,6
dom opieki pomiechówek,0,1,0%,6
dom pomocy społecznej zgromadzenia sióstr franciszkanek rodziny maryi,0,1,0%,6
dom seniora gdynia chwarznieńska,0,1,0%,6
dps hrubieszów,0,1,0%,6
dps ostrzeszów,0,1,0%,6
pałac dla seniora zdjęcia,0,1,0%,6
praca dom seniora,0,1,0%,6
wygoda dom opieki,0,1,0%,6
alwernia dom opieki,0,1,0%,7
całodobowy dom opieki,0,1,0%,7
cichy zakątek końskie,0,1,0%,7
dom opieki jenin opinie,0,1,0%,7
dom opieki ogrodzieniec,0,1,0%,7
dom opieki piastowo,0,1,0%,7
dom opieki w halinowie,0,1,0%,7
dom opieki zamość,0,1,0%,7
dom pomocy społecznej nr 1,0,1,0%,7
dom seniora zielona góra zacisze,0,1,0%,7
dzienny dom opieki dla seniora,0,1,0%,7
karta seniora,0,1,0%,7
opieka silesia czeladź,0,1,0%,7
pomoc seniorom,0,1,0%,7
prywatny dom opieki zachodniopomorskie,0,1,0%,7
rehabilitacja seniora,0,1,0%,7
dom opieki luksus,0,1,0%,8
dps dla psychicznie chorych pomorskie,0,1,0%,8
ile kosztuje,0,1,0%,8
ile kosztuje dom pomocy społecznej dla seniora,0,1,0%,8
prywatne domy seniora,0,1,0%,8
cytaty,0,1,0%,9
dom opieki siemianowice śląskie,0,1,0%,9
dom pogodnej starości cda,0,1,0%,9
ile kosztuje prywatny dps,0,1,0%,9
tak,0,1,0%,9
dom dla starych ludzi,0,1,0%,10
dom opieki do 5000 zł,0,1,0%,10
jakie ceny,0,1,0%,10
ośrodek dla starszych osób,0,1,0%,10
pogodny dom seniora chorzów cennik,0,1,0%,10
prywatny dps cena,0,1,0%,10
zagorzynek 34 salus,0,1,0%,10
dom pogodnej starości,0,1,0%,11
hotori dps,0,1,0%,11
prywatny ośrodek opieki nad seniorami,0,1,0%,11
wichulec dom opieki cennik,0,1,0%,11
dom opieki cennik kujawsko pomorskie,0,1,0%,12
dom opieki chmiel cennik,0,1,0%,12
dom opieki lubelskie,0,1,0%,12
dom opieki na nfz,0,1,0%,12
dom seniora pokoje,0,1,0%,12
dzienny pobyt seniora,0,1,0%,12
retirement,0,1,0%,12
dom opieki dziennej dla seniora,0,1,0%,13
dom opieki tarnobrzeg ceny,0,1,0%,13
dom seniora pobyt krotkoterminowy,0,1,0%,13
całodobowy ośrodek dla osób niepełnosprawnych,0,1,0%,14
dom seniora nfz,0,1,0%,14
dotacje na otwarcie domu seniora,0,1,0%,14
dzienny dom seniora ceny,0,1,0%,14
elderly care services near me,0,1,0%,14
memory care facilities near me,0,1,0%,14
opieka dla seniora,0,1,0%,14
pensjonat dla seniorów,0,1,0%,14
pomoc dla seniora,0,1,0%,14
dom opieki spolecznej,0,1,0%,15
dom opieki dla osób z demencją starczą pomorskie,0,1,0%,16
dom opieki żyrardów ceny,0,1,0%,18
patronka artystów plastyków,0,1,0%,19
cena pobytu w domu opieki społecznej,0,1,0%,20
dom seniora romantica cennik,0,1,0%,20
malarz znany,0,1,0%,21
ośrodek dla osób starszych czernice borowe,0,1,0%,21
dom dla osób starszych morąg,0,1,0%,23
dom seniora marcinowice,0,1,0%,23
dom seniora szczecinek cennik,0,1,0%,23
dom opieki brzeg dolny,0,1,0%,24
dom spokojnej starości morąg,0,1,0%,24
borne sulinowo dom opieki cennik,0,1,0%,25
domy opieki podkarpackie cena,0,1,0%,25
kameralny dom seniora,0,1,0%,25
dom opieki elbląg cennik,0,1,0%,26
dom opieki mazowieckie cennik,0,1,0%,26
dom opieki wejherowo cennik,0,1,0%,26
dom seniora gdańsk cennik,0,1,0%,27
gerontofobia,0,1,0%,27
dom dla seniora na leśnej,0,1,0%,28
dom opieki gnojnik cena,0,1,0%,28
dom opieki piaseczno cena,0,1,0%,28
dom starości trójmiasto,0,1,0%,28
prywatne domy opieki cennik warmińsko-mazurskie,0,1,0%,28
prywatny dom opieki kujawsko-pomorskie,0,1,0%,28
dom dziennego pobytu chojnice,0,1,0%,29
dom opieki morąg,0,1,0%,29
dom seniora karpiny,0,1,0%,29
luksusowy dom opieki konstancin,0,1,0%,29
domy opieki w dolinie,0,1,0%,31
prywatny dom opieki dla osób starszych czernice borowe,0,1,0%,31
prywatny dom opieki poznań cena,0,1,0%,31
dom seniora łobez,0,1,0%,32
prywatny dom opieki stefania,0,1,0%,34
charzykowy google maps,0,1,0%,35
dom seniora łódź cennik,0,1,0%,35
ile kosztuje dom starców w polsce,0,1,0%,35
dom opieki stefania,0,1,0%,36
prywatny dom opieki nad seniorami,0,1,0%,36
dom opieki białystok cennik,0,1,0%,37
dom opieki rumia cennik,0,1,0%,38
prywatne domy opieki małopolskie cennik,0,1,0%,38
dom emeryta,0,1,0%,39
dom seniora zbeniny,0,1,0%,39
dps bydgoszcz cena,0,1,0%,39
dom spokojnej starości rzeszów cena,0,1,0%,44
skrzypne dom seniora,0,1,0%,44
dom opieki kujawsko pomorskie,0,1,0%,45
dom ufnej starości,0,1,0%,46
domy galeria zdjęć,0,1,0%,46
domy opieki pod lasem,0,1,0%,46
domy szeregowe dla seniorow,0,1,0%,46
dom starców cena szczecin,0,1,0%,47
dom opieki warszawa koszty,0,1,0%,48
dom opieki nad seniorami,0,1,0%,49
domy opieki dla starszych,0,1,0%,49
luksusowy dom opieki bydgoszcz,0,1,0%,50
prywatne domy opieki kujawsko-pomorskie,0,1,0%,51
prywatne domy opieki cennik 2025,0,1,0%,55
dom seniora ustronie morskie,0,1,0%,56
ile kosztuje dom seniora w polsce,0,1,0%,56
ile kosztuje dom opieki w polsce,0,1,0%,62
dom seniora warszawa cennik,0,1,0%,73
dom opieki blisko gdyni,0,1,0%,74
rodzinny dom seniora,0,1,0%,75
opieka nocna dla seniora cennik,0,1,0%,80
dom opieki prywatny,0,1,0%,88
gerontokracja,0,1,0%,88
domy pogodnej starości,0,1,0%,90
dom seniora blisko gdyni,0,1,0%,94
patron malarzy,0,1,0%,95
domy starców,0,1,0%,97
pobyt w domu opieki,0,1,0%,100